{
  "version": "1.1.1",
  "windows": {
    "main": {
      "main": true,
      "url": "app://editor/index.html",
      "windowType": "dockable",
      "x": 384,
      "y": 194,
      "width": 1280,
      "height": 720,
      "layout": {
        "children": [
          {
            "children": [
              {
                "active": 0,
                "children": [
                  "hierarchy"
                ],
                "height": 300,
                "type": "panel",
                "width": 204
              },
              {
                "active": 0,
                "children": [
                  "assets"
                ],
                "height": 326,
                "type": "panel",
                "width": 204
              }
            ],
            "height": 629,
            "type": "dock-v",
            "width": 204
          },
          {
            "children": [
              {
                "active": 0,
                "children": [
                  "scene"
                ],
                "height": 326,
                "type": "panel",
                "width": 760
              },
              {
                "active": 0,
                "children": [
                  "console",
                  "timeline"
                ],
                "height": 300,
                "type": "panel",
                "width": 760
              }
            ],
            "height": 629,
            "type": "dock-v",
            "width": 760
          },
          {
            "active": 0,
            "children": [
              "inspector"
            ],
            "height": 629,
            "type": "panel",
            "width": 304
          }
        ],
        "type": "dock-h"
      },
      "panels": [
        "node-library",
        "console",
        "inspector",
        "hierarchy",
        "assets",
        "scene",
        "timeline"
      ]
    }
  },
  "panels": {}
}